<?xml version="1.0" encoding="UTF-8"?>
<project-private xmlns="http://www.netbeans.org/ns/project-private/1">
    <editor-bookmarks xmlns="http://www.netbeans.org/ns/editor-bookmarks/2" lastBookmarkId="0"/>
    <open-files xmlns="http://www.netbeans.org/ns/projectui-open-files/2">
        <group>
            <file>file:/C:/Users/Luis%20Mauricio/Documents/NetBeansProjects/LDOOMVC/web/aceptable.jsp</file>
            <file>file:/C:/Users/Luis%20Mauricio/Documents/NetBeansProjects/LDOOMVC/src/java/Controlador/Procesar.java</file>
            <file>file:/C:/Users/Luis%20Mauricio/Documents/NetBeansProjects/LDOOMVC/web/errornum.jsp</file>
            <file>file:/C:/Users/Luis%20Mauricio/Documents/NetBeansProjects/LDOOMVC/web/errorcampos.jsp</file>
            <file>file:/C:/Users/Luis%20Mauricio/Documents/NetBeansProjects/LDOOMVC/src/java/Modelo/Usuario.java</file>
            <file>file:/C:/Users/Luis%20Mauricio/Documents/NetBeansProjects/LDOOMVC/web/index.jsp</file>
        </group>
    </open-files>
</project-private>
